Adı,Fiyatı,Bağlantı,Category,Site
Erkek Acık Grı Melanj Standart Fit Günlük Rahat Spor Örme Şort,309.99,https://www.trendyol.com//ac-co-altinyildiz-classics/erkek-acik-gri-melanj-standart-fit-gunluk-rahat-spor-orme-sort-p-99662186,Erkek Şort,Trendyol
Erkek Siyah-gri 2'li Düz Renk Regular Şort,286.0,https://www.trendyol.com//rabteks/erkek-siyah-gri-2-li-duz-renk-regular-sort-p-690762328,Erkek Şort,Trendyol
Erkek Kargo Şort - Kout - Asphalt,2025.0,https://www.trendyol.com//kaft/erkek-kargo-sort-kout-asphalt-p-929023584,Erkek Şort,Trendyol
Erkek Siyah Pamuklu Standart Fit Normal Kesim Beli Bağlamalı Yan Cepli Örme Şort,449.45,https://www.trendyol.com//ac-co-altinyildiz-classics/erkek-siyah-pamuklu-standart-fit-normal-kesim-beli-baglamali-yan-cepli-orme-sort-p-901833944,Erkek Şort,Trendyol
Erkek Bej Standart Fit Normal Kesim Pamuklu Cepli Örme Şort,717.99,https://www.trendyol.com//altinyildiz-classics/erkek-bej-standart-fit-normal-kesim-pamuklu-cepli-orme-sort-p-702083193,Erkek Şort,Trendyol
Erkek Taş Slim Fit Dar Kesim Armürlü %100 Pamuk Casual Chino Şort,574.9,https://www.trendyol.com//ac-co-altinyildiz-classics/erkek-tas-slim-fit-dar-kesim-armurlu-100-pamuk-casual-chino-sort-p-270938683,Erkek Şort,Trendyol
Uncertaın Erkek Comfort Fit Vanilya Şort & Bermuda,367.49,https://www.trendyol.com//grimelange/uncertain-erkek-comfort-fit-vanilya-sort-bermuda-p-711562195,Erkek Şort,Trendyol
Hafif Ve Rahat Duble Paça Müslin Erkek Şort - Füme,799.9,https://www.trendyol.com//valiberta/hafif-ve-rahat-duble-paca-muslin-erkek-sort-fume-p-821442576,Erkek Şort,Trendyol
Slim Fit Dar Kesim Dar Paça Şort A3893ax24hs,219.99,https://www.trendyol.com//defacto/slim-fit-dar-kesim-dar-paca-sort-a3893ax24hs-p-860032690,Erkek Şort,Trendyol
Kargo Cep Şort,249.0,https://www.trendyol.com//exsport/kargo-cep-sort-p-300262999,Erkek Şort,Trendyol
Pamuklu 2'li Paket Erkek Pijama Şort Ince Penye Cepli Rahat Kalıp Lastkli Terletmez Likra Siyah-laci,679.99,https://www.trendyol.com//elemge/pamuklu-2-li-paket-erkek-pijama-sort-ince-penye-cepli-rahat-kalip-lastkli-terletmez-likra-siyah-laci-p-929378721,Erkek Şort,Trendyol
"Erkek, bel bağcıklı, regular fit, Old Money Culture, pamuklu, keten dokuma şort 24INP284",664.95,https://www.trendyol.com//inpool/erkek-bel-bagcikli-regular-fit-old-money-culture-pamuklu-keten-dokuma-sort-24inp284-p-824897436,Erkek Şort,Trendyol
705752 03 Teamrise Short Erkek Şort 704942-04 Sıyah,649.0,https://www.trendyol.com//puma/705752-03-teamrise-short-erkek-sort-704942-04-siyah-p-447331739,Erkek Şort,Trendyol
201759 Cep Nakış Detaylı Siyah Erkek Şort,398.0,https://www.trendyol.com//mysport/201759-cep-nakis-detayli-siyah-erkek-sort-p-288427295,Erkek Şort,Trendyol
Unisex Slim Fit Gri Siyah Pamuklu Yazlık Şort 2'li,274.0,https://www.trendyol.com//newcabin/unisex-slim-fit-gri-siyah-pamuklu-yazlik-sort-2-li-p-107306088,Erkek Şort,Trendyol
Erkek Haki %100 Pamuk Comfort Fit Beli Bağlamalı Flamlı Yan Cep Şort,687.56,https://www.trendyol.com//ac-co-altinyildiz-classics/erkek-haki-100-pamuk-comfort-fit-beli-baglamali-flamli-yan-cep-sort-p-929188860,Erkek Şort,Trendyol
Relax Fit Pamuklu Bermuda Şort D7917AX24SM,299.99,https://www.trendyol.com//defacto/relax-fit-pamuklu-bermuda-sort-d7917ax24sm-p-882695997,Erkek Şort,Trendyol
Erkek Beyaz Slim Fit Alt Üst Şort Takım-gmlksrt01r01s,643.0,https://www.trendyol.com//tarz-cool/erkek-beyaz-slim-fit-alt-ust-sort-takim-gmlksrt01r01s-p-727762636,Erkek Şort,Trendyol
Erkek Penye Şort Siyah Ve Gri İkili Set,245.83,https://www.trendyol.com//jooy-company/erkek-penye-sort-siyah-ve-gri-ikili-set-p-816921975,Erkek Şort,Trendyol
Mint Yeşili Kargo Cep Erkek Gabardin Kapri Şort 6332,601.3,https://www.trendyol.com//madmext/mint-yesili-kargo-cep-erkek-gabardin-kapri-sort-6332-p-660587628,Erkek Şort,Trendyol
Füme Erkek Regular Fit Şort 4842,386.8,https://www.trendyol.com//madmext/fume-erkek-regular-fit-sort-4842-p-92752276,Erkek Şort,Trendyol
Erkek Taşlamalı Rahat Kesim Likralı Açık Mavi Jean Şort Hlthe001952k,739.0,https://www.trendyol.com//hlt-jeans/erkek-taslamali-rahat-kesim-likrali-acik-mavi-jean-sort-hlthe001952k-p-101929979,Erkek Şort,Trendyol
Erkek Luxury Basic Yıkamalı Relaxed Kahve Şort,579.59,https://www.trendyol.com//machinist/erkek-luxury-basic-yikamali-relaxed-kahve-sort-p-688088754,Erkek Şort,Trendyol
Erkek Arka Cep Detaylı Çizgili Şort,249.9,https://www.trendyol.com//kaphone/erkek-arka-cep-detayli-cizgili-sort-p-903288083,Erkek Şort,Trendyol
 Xiaomi Redmi 14C 6/128 GB Cep Telefonu Siyah ,7499.95,https://www.migros.com.tr/xiaomi-redmi-14c-6128-gb-cep-telefonu-siyah-p-255ee4f,Telefon,Migros
 Tecno Spark 20 Pro 12/256 GB Beyaz Cep Telefonu ,13999.95,https://www.migros.com.tr/tecno-spark-20-pro-12256-gb-beyaz-cep-telefonu-p-255ea6a,Telefon,Migros
 Tecno Spark 20 Pro 12/256 GB Siyah Cep Telefonu ,13999.95,https://www.migros.com.tr/tecno-spark-20-pro-12256-gb-siyah-cep-telefonu-p-255ea67,Telefon,Migros
 Ixtech Ix-030 Çift Sim Kartlı Tuşlu Cep Telefonu ,1429.95,https://www.migros.com.tr/ixtech-ix-030-cift-sim-kartli-tuslu-cep-telefonu-p-255ee4e,Telefon,Migros
 Tecno Spark 20C 4/128 GB Altın Cep Telefonu ,7499.95,https://www.migros.com.tr/tecno-spark-20c-4128-gb-altin-cep-telefonu-p-255ea62,Telefon,Migros
 Tecno Spark 20 8/256 GB Siyah Cep Telefonu ,9399.95,https://www.migros.com.tr/tecno-spark-20-8256-gb-siyah-cep-telefonu-p-255ea64,Telefon,Migros
 Tecno Spark 20C 4/128 GB Siyah Cep Telefonu ,7499.95,https://www.migros.com.tr/tecno-spark-20c-4128-gb-siyah-cep-telefonu-p-255ea60,Telefon,Migros
 Tecno Spark 30 8/256 GB Siyah Cep Telefonu ,10299.95,https://www.migros.com.tr/tecno-spark-30-8256-gb-siyah-cep-telefonu-p-255f24b,Telefon,Migros
 Tecno Spark 30 8/256 GB Beyaz Cep Telefonu ,10299.95,https://www.migros.com.tr/tecno-spark-30-8256-gb-beyaz-cep-telefonu-p-255f24a,Telefon,Migros
 Oppo Reno 11F 5G 8/256 GB Palmiye Yeşili Cep Telefonu ,14299.95,https://www.migros.com.tr/oppo-reno-11f-5g-8256-gb-palmiye-yesili-cep-telefonu-p-255f10e,Telefon,Migros
 Xiaomi Redmi Note 13 Pro 8/256 GB Mor Cep Telefonu ,15299.95,https://www.migros.com.tr/xiaomi-redmi-note-13-pro-8256-gb-mor-cep-telefonu-p-255e8f7,Telefon,Migros
 Xiaomi Redmi Note 13 Pro 8/256 GB Yeşil Cep Telefonu ,15299.95,https://www.migros.com.tr/xiaomi-redmi-note-13-pro-8256-gb-yesil-cep-telefonu-p-255e8f6,Telefon,Migros
 Digiphone S600 Plus Tuşlu Cep Telefonu Siyah ,1999.95,https://www.migros.com.tr/digiphone-s600-plus-tuslu-cep-telefonu-siyah-p-255f37d,Telefon,Migros
 Xiaomi 14T Pro 12/512 GB Titan Siyahı Cep Telefonu ,39999.95,https://www.migros.com.tr/xiaomi-14t-pro-12512-gb-titan-siyahi-cep-telefonu-p-255eaf6,Telefon,Migros
 Xiaomi Redmi Note 13 8/256 GB Gece Siyah Cep Telefonu ,11699.95,https://www.migros.com.tr/xiaomi-redmi-note-13-8256-gb-gece-siyah-cep-telefonu-p-255efbf,Telefon,Migros
 Xiaomi Redmi Note 14 Pro 5G 12/512 GB Yeşil Cep Telefonu ,22699.95,https://www.migros.com.tr/xiaomi-redmi-note-14-pro-5g-12512-gb-yesil-cep-telefonu-p-255f080,Telefon,Migros
 Samsung Galaxy A06 4/128 GB Açık Mavi Cep Telefonu ,6799.95,https://www.migros.com.tr/samsung-galaxy-a06-4128-gb-acik-mavi-cep-telefonu-p-255f093,Telefon,Migros
 Xiaomi Redmi 14C 8/256 GB Cep Telefonu Mavi ,8799.95,https://www.migros.com.tr/xiaomi-redmi-14c-8256-gb-cep-telefonu-mavi-p-255ee5f,Telefon,Migros
 Xiaomi Redmi 13 8/256 GB Gece Siyahı Cep Telefonu ,8999.95,https://www.migros.com.tr/xiaomi-redmi-13-8256-gb-gece-siyahi-cep-telefonu-p-255ea55,Telefon,Migros
 Samsung Galaxy S24 8/256 GB Siyah Cep Telefonu ,37499.95,https://www.migros.com.tr/samsung-galaxy-s24-8256-gb-siyah-cep-telefonu-p-255ee98,Telefon,Migros
 Apple iPhone 16 512Gb Teal Deniz Mavisi Cep Telefonu ,78899.95,https://www.migros.com.tr/apple-iphone-16-512gb-teal-deniz-mavisi-cep-telefonu-p-255eae4,Telefon,Migros
 Samsung Galaxy S24 8/256 GB Gri Cep Telefonu ,37499.95,https://www.migros.com.tr/samsung-galaxy-s24-8256-gb-gri-cep-telefonu-p-255ef1b,Telefon,Migros
 Xiaomi Redmi Note 14 Pro 8/256 GB Siyah Cep Telefonu ,17999.95,https://www.migros.com.tr/xiaomi-redmi-note-14-pro-8256-gb-siyah-cep-telefonu-p-255f2f0,Telefon,Migros
 Tecno Spark Go 1 4/128 GB Yeşil Cep Telefonu ,6499.95,https://www.migros.com.tr/tecno-spark-go-1-4128-gb-yesil-cep-telefonu-p-255f201,Telefon,Migros
 Oppo Reno 11 Fs 8/256 GB Zeytin Yeşili Cep Telefonu ,12699.95,https://www.migros.com.tr/oppo-reno-11-fs-8256-gb-zeytin-yesili-cep-telefonu-p-255f10a,Telefon,Migros
 Samsung Galaxy A16 8/256 GB Siyah Cep Telefonu ,11999.95,https://www.migros.com.tr/samsung-galaxy-a16-8256-gb-siyah-cep-telefonu-p-255f060,Telefon,Migros
 Xiaomi Redmi 14C 8/256 GB Siyah Cep Telefonu ,8799.95,https://www.migros.com.tr/xiaomi-redmi-14c-8256-gb-siyah-cep-telefonu-p-255efc1,Telefon,Migros
 Apple Iphone 15 128 Gb Midnight ,52999.95,https://www.migros.com.tr/apple-iphone-15-128-gb-midnight-p-255f0d0,Telefon,Migros
 Oppo Reno 11FS  8/256 GB Mat Gri Cep Telefonu ,12699.95,https://www.migros.com.tr/oppo-reno-11fs-8256-gb-mat-gri-cep-telefonu-p-255f104,Telefon,Migros
 Xiaom Redmi 14C 8/256 GB Cep Telefonu Siyah ,8799.95,https://www.migros.com.tr/xiaom-redmi-14c-8256-gb-cep-telefonu-siyah-p-255ee5e,Telefon,Migros
Erkek Siyah Beli Lastikli %100 Keten Assos Şort B003732,1999.99,https://www.hepsiburada.comhttps://adservice.hepsiburada.com/event/api/v1/track?event=NWVEc1ZZdWt6SEIvN3c5TjBFdlN4V2l6eU9zWDA3bThYRUhEcGt2V0tHTXVGMEx0TVFNa0M0LzdlRXpFdHZma2I0VXQ4N1ZiRE9uSGhna1JqYWRwWFlvcEExRFV5dVNpVkJ3TEhKVHZzSW5VWWxxYWZWZWxFamNqbXNqZWtzcUlyeVBvVHhGVGRkSlFqU0tFa0tTR0ZXUzQ5UHJCVDRqNVlJSWhkQlp1a1pnN2xMaXQybmp3dVRBbERVVmFnQzlCbWlWQ3pORm5JVEloYnlNS0FndmdIMnZjNG9ibWtPVFRZeGQydGJSNTFlM0pmQUYvNnV6YjlQTkJsQnBCcjdBU0pCOGh2OS9WOVdzOHN0VkdEc08wK2ZmTjdnUXZYVHJJOVpHZHpjQ1loUEJrNmpMNWZuYlcwTytKaHVEWkRXd2FwbzJjWFhkbE5RdWhMYU1EY0p6OHJMTEV5YVlTaGFVZnV1R0RYZWxaQ005cEQxOGxOSU9hUHF1czIwbElJMVM3NzBTdGNydHBINnpxWVRmMThuT0JvMGcweGswTUh5UWxCTXhMaEYvN1JSWTVrRGNYMm85QUF2QWRLK1ZWQ1dma3ZadFlMTmMzMVV3UVp4UGw4ZUdVWmxzcVJnNitLQUcyMjlmdzZUVk12WjdmKyt4TmZteGdFMndjQnNKSlA4Lzl4TDJabmNZQjhIYnNwaUlXTVZoajIwYXc4bVNBTUNxSVcrVmRrbG00QUQ1ZmZxb0hkVWE2RnlRVU8vL2RCSGp6&redirect=https%3A%2F%2Fwww.hepsiburada.com%2Ferkek-siyah-beli-lastikli-100-keten-assos-sort-b003732-p-HBCV00008IDAWM%3Fmagaza%3DAVVA&eventName=sp-click&platform=desktop&anonymousId=04119532-9dbd-436c-a5e5-482030ceeb95,Erkek Şort,Hepsiburada
U.S. Polo Assn. Erkek Lacivert Şort (Örme) 50289287-VR033,479.96,https://www.hepsiburada.com/u-s-polo-assn-erkek-lacivert-sort-orme-50289287-vr033-p-HBCV00006M9L9W,Erkek Şort,Hepsiburada
Tommy Life Lacivert Bağcıklı Fermuar Cepli Standart Kalıp Basic Erkek Şort - 81167,179.91,https://www.hepsiburada.com/tommy-life-lacivert-erkek-bagcikli-fermuar-cepli-standart-kalip-basic-sort-81167-pm-HBC00000AT70B,Erkek Şort,Hepsiburada
DeFactoFit NBA Los Angeles Lakers Standart Fit Şort B9896AX24SM,279.99,https://www.hepsiburada.com/defactofit-nba-los-angeles-lakers-standart-fit-sort-b9896ax24sm-p-HBCV000065QVUL,Erkek Şort,Hepsiburada
Altınyıldız Classics Erkek Antrasit Standart Fit Normal Kesim 2 İplik Cepli Recycle Pamuklu Örme Şort,339.99,https://www.hepsiburada.com/altinyildiz-classics-erkek-antrasit-standart-fit-normal-kesim-2-iplik-cepli-recycle-pamuklu-orme-sort-p-HBCV000063FFSB,Erkek Şort,Hepsiburada
Valiberta Duble Paça Müslin Kumaş Şort - Açık Bej,640.01,https://www.hepsiburada.comhttps://adservice.hepsiburada.com/event/api/v1/track?event=TzlWaXM0L3o5NUtLWUJPdmhrSkdqdE1peUM5ZmtHdEVoWmpRNE9GOTBncTFuZHc1YmttV3BIQmdDaXNKTG5RdFZJVGJuUDRLMllibHdUdkhvSUJmOExNU2diOFRpdXhndzk1Q0dzMEdBaWtqZ3NSeEIrblF1cWxjMzFnVnVsd05KRE5wSHRETGpuMjNwL0xEMEMyNXlSaDdtS1BxYm02aTE2UXJ5RzdqeFFqamFIMmdVVmZHS3BEUmk5R1cydzRvcHE3ZzY2c3NWblJySnFTbEhoYVNpdytFTlRiZ041cktNQ0NyVEw4T1RJQkRZdmk2LzlUYyt6NW1FVTBiSlBlSFppOXI2Q2QySVVSREpPTzhLekpZWC90Wm5iYlQrSmJ4SWFacGVYQzF3QnhDdkRIZGwxUGJvbFhQNXA4cTJ4aldIRW93cmVsZUo1WlNiekR2YUVNZWNuVDVIZzhVcStTNHB5MWZSS0NWMVAxU3JhQVg2SlloNUppa09IYzZYbmlYZTM3K21yNFcrVFlFMUVncnFRaktUMGtlVnJxRmkvNjRTTzV1SGV4Mm81Y0sxam8wSW0yb3NhbUFzUUlLSlNyTkZYUWxnQVUwSThMSTVMUXQ0NnBncjZPTWRPbWtIblZySE1Ldng1REF5d2dzWFdhT1p6Rng0eCtpVWNnWjFqUmRsNllnVk83U0J1cUJwUXRocUtVZVVKRHp1UGExK2VxeG5OWGRyelhhLy9J&redirect=https%3A%2F%2Fwww.hepsiburada.com%2Fvaliberta-duble-paca-muslin-kumas-sort-acik-bej-p-HBCV00006FXZ0Z%3Fmagaza%3DValiberta&eventName=sp-click&platform=desktop&anonymousId=04119532-9dbd-436c-a5e5-482030ceeb95,Erkek Şort,Hepsiburada
DeFacto Star Wars Regular Fit Düz Paça Şort C5864AX24HS,262.49,https://www.hepsiburada.com/defacto-star-wars-regular-fit-duz-paca-sort-c5864ax24hs-p-HBCV00006KV7O4,Erkek Şort,Hepsiburada
DeFacto Regular Fit Keten Görünümlü Bermuda Şort D2057AX24HS,419.99,https://www.hepsiburada.com/defacto-regular-fit-keten-gorunumlu-bermuda-sort-d2057ax24hs-p-HBCV00006KLORC,Erkek Şort,Hepsiburada
Altınyıldız Classics Erkek Gri Melanj Standart Fit Normal Kesim 2 İplik Cepli Recycle Pamuklu Örme Şort,329.99,https://www.hepsiburada.com/altinyildiz-classics-erkek-gri-melanj-standart-fit-normal-kesim-2-iplik-cepli-recycle-pamuklu-orme-sort-p-HBCV000063FEH3,Erkek Şort,Hepsiburada
Altınyıldız Classics Erkek Taş Slim Fit Dar Kesim Armürlü %100 Pamuk Casual Chino Şort,574.9,https://www.hepsiburada.comhttps://adservice.hepsiburada.com/event/api/v1/track?event=QW1KdVRhcEc0dTFMVnQ2b2cyMXZMWHBZTHNuKytKV2pSa25VSTNYYWMvVmkxcXJNSEIwcmtreVgyQ2hiZEJoUm8xZEpjN3N4VFgvNEMzVkxBdzgwcDZ3YitBNDFOSWpiSjJLQ2FYR2ZXMGRsamJOb3YwUUpkNTlVcUY0Sm9jbGx6YUJqendERGVqLytVelNObGR1MXkxMGJ3dTQyd3NFSmM2L0RvNEhnNnZHYnVyVTBYejk2MWN2SUQrZnNZSVFYRUZQRnJrWE80RVpqakRCTnQra3FZR1RodDlxLzJ5UUpBdkJiZnhLVnRyWC9JR0pwYnAwWnQrNDNYR3QxSUhCMzRUOTVwWnk1TUthcDg5clM4RURNdlp0ZjNFemlWQVJqRnJTQkdKSmxmVytZdUI0MFF1VVZVckFiSm9ndTlVcTRKVXI4WVVKNm4welNyTm5zL0NVY2JxQjdMK1AwU3I5SW1SYUpPcE8vVnNiTmVKaWFEL1BSTncvTms0YWVIWjJEUjhmeE5za3ZVbGFWbjc0TEVNMThYV0FKNVFPZ2g1QTFKTEU1MzBRNjRXYjdtZDZwdkgxVDFzRGZoelI4R1BzMFFKcHp1djc3WFJVYVJwK3pzRlp0YjB3dDdWRFMrY1RzTkRSdk1UM0s5dFZhN2o5MGVYL2pBYTVVL1VhSGp5S1c5YVBrMGkxbTdoUmo3amNkYUd2T1RiQ09lQXA5V2FGRjVzMTliY0RnNWh0Y0ZBV0EwS0JkR0RCNy9vNERUZFU=&redirect=https%3A%2F%2Fwww.hepsiburada.com%2Faltinyildiz-classics-erkek-tas-slim-fit-dar-kesim-armurlu-100-pamuk-casual-chino-sort-p-HBCV00001ZQY6V%3Fmagaza%3DALTINYILDIZ+CLASSICS&eventName=sp-click&platform=desktop&anonymousId=04119532-9dbd-436c-a5e5-482030ceeb95,Erkek Şort,Hepsiburada
DeFacto Slim Fit Dar Kesim Dar Paça Şort A3893AX24HS,673.49,https://www.hepsiburada.com/defacto-slim-fit-dar-kesim-dar-paca-sort-a3893ax24hs-p-HBCV00006CSF6Q,Erkek Şort,Hepsiburada
Altınyıldız Classics Erkek Indıgo Melanj Standart Fit Normal Kesim Pamuklu Rahat Örme Şort,397.97,https://www.hepsiburada.comhttps://adservice.hepsiburada.com/event/api/v1/track?event=OWZ4TVNISktJYkZwZHpWcndFcVBHVDVacDJVRm5PVXE5aGpuRDdndGxmcWhjaE1qcEdFOGRlYW8zaWVHdnVGSUJLV2x6YWJnNnpFUWVLYS9hTFM5R2QwOGF2RkJ3YVJkUU52Zy92VWVZbE5DTUNXa2pRTWphY0FVQzVmZmp1dU1TWmE3b0N0OUZ5MmJjcm1HdWtrNHg1R3FpWUFHczhMYjYrbDZ6T2h6WnJ0MlRZNVdVVytpUHAwUWhmeUNmU0xRVnRRVThvMHZBNzRISEFId3RMZ0hDRDV4VFB4aElzS2lMdHVIYlFHOXFyYkZCMFg5aWJwd0ZkWDQ5Wk8yOTk3bnlwWDNKZ3dkQWdrdmhuTE9CL0liOUY2Zy94UXpJb2xCYXJLMlNqVFNDeVJBK0FrREpHSTQ2VTUrQnI1WGQzbHF4N2tGM2pjbXJ4K0FqcDZkYVQrRUJKVmgvU0NCZjRGNzBlU2NwbjdYT3kyajF5TzFIU21jWjMwR2dXZWNUc3pscXlFVDJvaVhSR1pyeThrYVBhb1JXeW5wQzBlVDZvMGNNdGxXa3JScXU5RGgyM0gwREtmRXpNZkYrV1paSU16SXBpN0h3TWt0clBGUW5EeGxEeE1ya21NaVpWWllKak9NWlhVbUh2WTVDTE9lN2x3NFA0R2lJZ3d2Y2JrOXlEVTZyenU1TlRETVRTcWhrSkIvSkVtNXdXWkRNcDhtNStKME1rMy91MXA1dzlCS01xNHg3VTRkM2d5b25HNDhtZVR1&redirect=https%3A%2F%2Fwww.hepsiburada.com%2Faltinyildiz-classics-erkek-indigo-melanj-standart-fit-normal-kesim-pamuklu-rahat-orme-sort-p-HBCV00003XVFZ3%3Fmagaza%3DALTINYILDIZ+CLASSICS&eventName=sp-click&platform=desktop&anonymousId=04119532-9dbd-436c-a5e5-482030ceeb95,Erkek Şort,Hepsiburada
DeFacto Regular Fit Düz Paça Gabardin Bermuda Şort C5397AX24SM,419.99,https://www.hepsiburada.com/defacto-regular-fit-duz-paca-gabardin-bermuda-sort-c5397ax24sm-p-HBCV00006VTNR1,Erkek Şort,Hepsiburada
U.S. Polo Assn. Erkek Ekru Şort (Örme) 50289287-VR019,479.96,https://www.hepsiburada.com/u-s-polo-assn-erkek-ekru-sort-orme-50289287-vr019-p-HBCV00006M9JVD,Erkek Şort,Hepsiburada
DeFacto Regular Fit Düz Paça Tensel Bermuda Şort C7800AX24SM,419.99,https://www.hepsiburada.com/defacto-regular-fit-duz-paca-tensel-bermuda-sort-c7800ax24sm-p-HBCV00006ML6MG,Erkek Şort,Hepsiburada
Elemge Pamuklu Erkek Casual Şort 2 Iplik Yan Cepli Bağcıklı Regular Fit Normal Kalıp Boru Paça Gri Günlük Bermuda,349.99,https://www.hepsiburada.comhttps://adservice.hepsiburada.com/event/api/v1/track?event=bGlhNktFSzlOLzNheHUzMFo2YjYvYWlvdld1cUcxbTNGSWJQMTZDOHpzUVVrSGVZSG1iNU9BckYzaTRtVng0WTlzSndJK0Y4NWtHRGdtQVFaZCtJbjl4K01aWTB2dW41UGp0VnRaZzZrckxoOUtNeFhzNUJSSVZTaEFLNW0rWHpGUEdSdlkrOGNBdEhVWCs5dmhsVUZmTEpNWU02dWdRRjNYaHNrSngwUWVtZG5EVUprbGM4NWhLY3MvWGVTTG9pWEJMeG0rckc5ckU4TGx0aTJYbmFPaldlSUVyYm5ObmV5V0tBV09yWFRFbm81TmtONEVOK0FSTDJaektwd3VobkNTaUlhbERjZUFxRnhFVVdNN2VMcjRoQ1cybURvVGFzY2liMWxzazBSRTlvNXkySERpNmYyRm1uOStMVDF5NVFiNllYbGMvbHFDY2lKYkhvaEVjU1FHVU92eHBzeFhtc1NxUkNjcmY1Zis2VmtrZTVRRHVrSytvRTZwK3I2dVBDWXd6NFZhN25icTNpUHhOZCt3QTFyRkM1OW5DTnFZZW8xNmFUdnY5LzlKclh0SDRPZlZBRDZhbTRVZGNISDdFTWowV2FmbXJraU5NMVlnNEpxdGlneHhydkVaNHBmMDltTTNiWVFRK01CS2tsalJLZHF0QWs2K0VSOWozNTdpWngyTVc0RWxGTUNpaWo3R2ZSR3VMU0FVY0JGSlRZRG9rZkxIR2ZHekVyeVFsSA==&redirect=https%3A%2F%2Fwww.hepsiburada.com%2Felemge-pamuklu-erkek-casual-sort-2-iplik-yan-cepli-bagcikli-regular-fit-normal-kalip-boru-paca-gri-gunluk-bermuda-p-HBCV00008RB5SD%3Fmagaza%3DElemge&eventName=sp-click&platform=desktop&anonymousId=04119532-9dbd-436c-a5e5-482030ceeb95,Erkek Şort,Hepsiburada
Arma Erkek Regular Fit Şort Y25505278501,704.0,https://www.hepsiburada.comhttps://adservice.hepsiburada.com/event/api/v1/track?event=WmgxaUw3R2VRMDFnbU9iWlkwY2p6Z25jNjBCemxjaUtBV0ZtckZHYW92Z0tFakhzZFBiQUdXUUdxVG1ML2w1a2FVQXZhL0k1YUloUUJlMkFrc2JFeVF4RFVHVTRzSGpZZEFsY256YWpRVW80alMxYVZJZHViMksrQzkzZ3ZORVlNNzBSMUlub2FMRHV6UzVSOGt3NjRidmdJZFFraTM4TURabGVuK2k0UXUyMDBMdGVjZGF1TERtUm1kekZRME0rMWcwdG1iVllBS003alZ6MDUxYnI5MllodEVNa3RESlBhVEZIN3REWXlKYURQUGdwRlpITW9RSDZ4cDFYcWFqZHhzU3hTUmV0dXE2L3JNOHVkOXRUa1M0WEZnbWQ3TGYwM3FUR0RYZWFzUlVsSDBSZzNpMmtNSURiblByZTdwTElXYlJJRk1yMi96aDhmRk40R2dYSkVmVHhpZkVXUmcySjFhVzNSN3BzNENLOStVKytqeVBmUUttcXNUaXdha29RaHRlc2t3c3BIc25wYWh0SzRLV0YxZGNZMklHVGttNXBTRzJnQk0xNmZFVndJV0VaaEdjUFc5SUtWMThkNkU1WVZ1SC9lbHJzM3BXWG1KaGZtSHI3b09USGFrUTFYRUNUZUVXcTR3WnloMUYvODZJbmdsZk1aWCs5a1hjWWhXV1dubTA5QmpHbEhSRW91QllWd1EvQzhPRU9EbEJrVjkvVmtEN2FWU2lxWmtKME54bEw4MmRDekdDbUZ0UEhZT2tG&redirect=https%3A%2F%2Fwww.hepsiburada.com%2Farma-erkek-regular-fit-sort-y25505278501-p-HBCV00004CVFZT%3Fmagaza%3DARMA&eventName=sp-click&platform=desktop&anonymousId=04119532-9dbd-436c-a5e5-482030ceeb95,Erkek Şort,Hepsiburada
Dagi Indigo Keten Şort,637.48,https://www.hepsiburada.com/dagi-indigo-keten-sort-pm-HBC00006C8HH3,Erkek Şort,Hepsiburada
Penye Bizden Erkek Regular Fit %100 Pamuk Şort-Beyaz,349.0,https://www.hepsiburada.comhttps://adservice.hepsiburada.com/event/api/v1/track?event=Wis0L05laGl5dGtlSkdqYWZpd2tCM0dNZHZBSDRhRkFEMU4yTXQyOGh5REFWOGNlVXdsK2drK0FWNmVjU21zdmt4cGlKNWxmUzdSTFVZbHRGdjFYbStJUHVHOVRhd1lMbmpMTDJsSDVMb2ZBUTFmaWhnN21HaTNpZjFEMW9Ya0UwSkpLNTVYVy8vdzZIM2svMHVIdDN1R29VYWJwVjhlMGI3REVySTZGY0pJTlZzeW01UjNTeDFNNXdjZUVtQkRmNng0UU10clJHaGRuS2NGdERFczlwektZemxnK1VsVlNYeWtUeGcvVkpIVXJEVzlMRGNaRlp4MGZnTGhKZGovc2orbFdNTGNUbXRVZGJZRVBVQUJGQitTZXdQSEl0MlczM3J5cUJ2R3RkcGpnYnkweGxUZ040Nk9BeHAzaVZ1UW9jZlkzbFo4bXRsRlJiZUxaazlhOTRPR2Rka1Z6dlYzQ01rbnhldURSRCtaSFg3RWg4L2JWdHZtWXJUVEJYOVZpM2RrWnl6N2NPSlBFNjZ0UGM5M2Z4ZWt2NzVYVFJxVkhNT2pOalJrSDNxbWhkQjhqem5kbFRrSXF0U0ZTNDRjV2ljSDcvYzhmdlJWbjhQNFhmMFU5YnF0ZXFGS0JLZ1lTMGN0eDhMazNUaDNGbWt6b1BkZGdRcC9nYnh2TzIvR2xVVTd0Mmhlbk5BM0dmYk5ieEMyYmlzVVJ0eXU2aVlvbXdoZitiQlBXYzJwbA==&redirect=https%3A%2F%2Fwww.hepsiburada.com%2Fpenye-bizden-erkek-regular-fit-100-pamuk-sort-beyaz-p-HBCV000063DP3Z%3Fmagaza%3Dpenyebizden&eventName=sp-click&platform=desktop&anonymousId=04119532-9dbd-436c-a5e5-482030ceeb95,Erkek Şort,Hepsiburada
DeFacto Regular Fit Jean Bermuda Şort D3960AX24SM,449.99,https://www.hepsiburada.com/defacto-regular-fit-jean-bermuda-sort-d3960ax24sm-p-HBCV00006OUE02,Erkek Şort,Hepsiburada
DeFacto %100 Pamuk Regular Fit Gabardin Bermuda Şort C7684AX25SP,419.99,https://www.hepsiburada.com/defacto-100-pamuk-regular-fit-gabardin-bermuda-sort-c7684ax25sp-p-HBCV00008SIKJM,Erkek Şort,Hepsiburada
Air Jones Bej Pamuklu Kalın Yumuşak Dokulu Standart  Fit Basic Erkek Şort  - 81277,573.83,https://www.hepsiburada.comhttps://adservice.hepsiburada.com/event/api/v1/track?event=RzR1N01KRDlkUDBkVDIvcHJNekFYdTFtS1dNd3R1bHFjZlV1OEZhV1p6bGZGZGxJRGEySTBXV3FyTklzNGQzVXFjYVEycDJrTUptcXgwdkVoQTV4WXpPc0tjaStUMGN4d01rbjZhWEI3THVNQ1U1UHNuTHVXVU5rRS9hY1dwWFp1anJaL3B3Q3gyNUVsRmVUNlBUbFFlSm1lRzJpNVFHR2VwOUhYM2pKcGVDRGdYVnlKd2dTQ2hncGdmVXI0dWRCeW9pQUY1Z2hXSFllZDdwYm1ZT3EwSzBUUFFKcUpNWC93eVk1QVIrenluZmk0WWNTOWpGYm1mVGVVWU4vcmQrMzd3M2dzcWk2NVIrS2N5a1UzZEtSWTRoUHR6UE82RzB0QlZOeCt2TkVoTDd3M28rNGU5QW1uc0s4SGE4L0RHVEtONkNJMUNSNWY0ZFcxQW5IdmkwNE5xUSsydnNkYmplZXRNZTYwNFNQTFJQMnZLZit1RGgrSU4xNWZjLzE4S0twcElNMWwrZzVRUGJUYWFzODl2V2JmVWRTclUyTFpMY3krUjVDTEJhc1BLOVFnRHQ0UmJyOGJ6REFPaWlmREMyd012RWVKOW5VcnFkQU5od0F6TE1NVkF5RU5zR3IzWnk3VTV3NStHVDVwUWdNRDhEbTU4ZFlXK1IyTlBBTFBsRHFRVXNVbXFvUGhJd1BqMFNEakVJQWtTYzlVbUY5YnFhWVZQalFMU0NRRWw1ZA==&redirect=https%3A%2F%2Fwww.hepsiburada.com%2Fair-jones-bej-pamuklu-kalin-yumusak-dokulu-standart-fit-basic-erkek-sort-81277-p-HBCV00006MM4FC%3Fmagaza%3DTOMMYLIFE&eventName=sp-click&platform=desktop&anonymousId=04119532-9dbd-436c-a5e5-482030ceeb95,Erkek Şort,Hepsiburada
DeFacto DeFactoFit Standart Fit Sporcu Kısa Paça Ağır Kumaş Şort C2421AX24SM,239.99,https://www.hepsiburada.com/defacto-defactofit-standart-fit-sporcu-kisa-paca-agir-kumas-sort-c2421ax24sm-p-HBCV00006HCOT6,Erkek Şort,Hepsiburada
DeFacto Slim Fit Dar Kesim Dar Paça Cepli Basic Düz Şort B8673AX24SM,250.0,https://www.hepsiburada.com/defacto-slim-fit-dar-kesim-dar-paca-cepli-basic-duz-sort-b8673ax24sm-p-HBCV00006FN08E,Erkek Şort,Hepsiburada
Penye Bizden Erkek Regular Fit Duble Paça %100 Pamuklu Şort-Lila,429.0,https://www.hepsiburada.comhttps://adservice.hepsiburada.com/event/api/v1/track?event=S1VJT2pTN3I3M3lBQVZaaEpBVHlIa3pOeHhCaDZ5U2lwK0xSUzl4OHBWY2hlbFNTUmxGY3M4YzJBN3BXY3B2SnBWZ3pQZm9WNE9BODMvSXEyWVdmSUFSclRoa0c1ZGRPTHFxaHRkQklzNDk5L3VWVVN4d0hRUzE2dWJoQ0toaytVVWRXbG8xemxXcWliM0VhWlVTM0JEdkxOSXpEVGNTTFJOKzFVZk5YYUM2YnJIK0EzUlJjQnBrNEtoN2Rkd2NtUW56MXhpS1dKcUphWXpZd3lqcjBvbGF5R1NZK3I3ejB2NndQUEs0VVdvN2lFa2xsL1c1TktJZStJMlkxUjlReGNSZHJOZDVrdDdqbVVUdXVsMm9PMGJ0U2dOc2t3Mm0rL2RDcjlLYzFVNkV1SGlOdTRGOUZIVGFyMTBQSmJpTTBuNi9vQXYzV2ROZmQ0T0NXMmpSQUgzcFpJY3J2L0lKSTcwQjNsNlNYTllGRExaT3BPbmZkSEdDOVZsWnd6dU9ldk9EV0FiN0pxYUhnalVXK0JycXI3UnJoZTVHWlozdTVHMk5qSzA4Y1pmL0FPYWtOMTZZWUM4d1NBTDBTN3RMSWFwVzlCUGNsbjFLVXFpNXZSa2F6SUpMQ0JCTDRZV1JmQW5EaWljU0Rmc0NOMkZiVFF4VVpack1nWkN3OXBldFlzUjB4UkozbGsrZDJKRUEyci92ejI2cWU1cUVLV0MxN1pGYURIdS9Wb2gzbA==&redirect=https%3A%2F%2Fwww.hepsiburada.com%2Fpenye-bizden-erkek-regular-fit-duble-paca-100-pamuklu-sort-lila-p-HBCV00004EHDJ4%3Fmagaza%3Dpenyebizden&eventName=sp-click&platform=desktop&anonymousId=04119532-9dbd-436c-a5e5-482030ceeb95,Erkek Şort,Hepsiburada
LIONEL Erkek Kargo Cepli Beli Lastikli Comfort Fit Haki Şort,379.99,https://www.hepsiburada.com/lionel-erkek-kargo-cepli-beli-lastikli-comfort-fit-haki-sort-p-HBCV00006WWNO0,Erkek Şort,Hepsiburada
DeFacto Erkek Siyah Regular Fit Düz Kesim Basic Düz Şort B0650AXNS,359.99,https://www.hepsiburada.com/defacto-erkek-siyah-regular-fit-duz-kesim-basic-duz-sort-b0650axns-p-HBCV00004SGNVY,Erkek Şort,Hepsiburada
Koyu Gri Pamuklu Yumuşak Dokulu Standart Fit Nakışlı Erkek Kapri - 83102,494.91,https://www.hepsiburada.comhttps://adservice.hepsiburada.com/event/api/v1/track?event=TkIyT00zeURGUUQ1cURVdFcxK0w3NkNuK05pRUZRN0FjN1lyTmR1TlV2ellqeDI4M3BGYmxQOTVVZzA5NFBXSFViQ3E5aS8vakJLL3FuT2s5eU9XbFlLOVJXQUg3NEZOV0xnd1A2azI2eFV3SjBRS0VWQ0JPdWNRamc3K2NKeHRsTnQ4aXdTSTA0Vy85d1BsT3NvbE1NREVpREFhZGxxZXRQejdaRXNiUHVNVTE1MGNmN0h0dnBKVVZiU2liczBibFY0eC9ZL2ZkY0NvekRueFU2QjhlNHd0Z05Mbmhnd254NEN5WUd5QTQ1VzBVVkZFN3drWitYd2hqTXdCNUVpVjNKR3F5UmZXV2JZV2NIWjMvYUFRV0MvdDVicVBvdUVoTkpPV3RwaTY3ZjZWdzVWdEpmeS9QQUt4SzJOcmkrZ3A5NU9aUjR6ZElPd3VYQlZBYWZpdS9EZC80SkdKR1o5bHBUOUVjaUl4L2ZFZE50Zzh0b1JIZVQ2UmRmRTZqeDdQUE92dnAxWlZLelZJb2xDdXJ6L2xXUnVmUGtwYlhBL1lOczVJdFZaYmVwREdIRzBwcnBNbG1EaXk1YUQraVc4Ym1CTHIxNU5ZYUlwSXdMVFNaUzJKUGZLdzVTN3lrTy9GSzVFTHhSSGZWTEVhSEV2VVBoUm8rcTZWU1pQK2RVUzBnNGRZQW1QR0dDQmpCTEFoQUxhS29nNzBmQXpRL0JZRHZrcGdraE1IMGU0Nw==&redirect=https%3A%2F%2Fwww.hepsiburada.com%2Fkoyu-gri-pamuklu-yumusak-dokulu-standart-fit-nakisli-erkek-kapri-83102-p-HBCV0000636ZCA%3Fmagaza%3DTOMMYLIFE&eventName=sp-click&platform=desktop&anonymousId=04119532-9dbd-436c-a5e5-482030ceeb95,Erkek Şort,Hepsiburada
New Cabin Unisex Slim Fit 2’li Siyah Gri Baskılı Yazlık Şort,311.48,https://www.hepsiburada.com/new-cabin-unisex-slim-fit-2-li-siyah-gri-baskili-yazlik-sort-p-HBCV00003WD0E0,Erkek Şort,Hepsiburada
First Company Sport Erkek Şort 2317201025,179.99,https://www.hepsiburada.com/first-company-sport-erkek-sort-2317201025-pm-HBC0000691WG4,Erkek Şort,Hepsiburada
DeFacto Slim Fit Dar Kesim Cepli Basic Düz Şort R3442AZ24SM,269.99,https://www.hepsiburada.com/defacto-slim-fit-dar-kesim-cepli-basic-duz-sort-r3442az24sm-p-HBCV000067BZ3C,Erkek Şort,Hepsiburada
Uniu Erkek Siyah %100 Organik Pamuk Yandan Cepli Beli Lastikli Şort,1200.0,https://www.hepsiburada.comhttps://adservice.hepsiburada.com/event/api/v1/track?event=QTJRU3lsVHdULzRuTHBYaHhlcnpiSVZFLzZxQzFyNVVVTW8xSVRTM3pJTXpLUW42TDFKeWJOeTR0bmNYTlFNWklJR1JOTk95NUFsVC9nekdrT2dLZ3hXQTJjUDFJNGJ0UWR6VEE0UkRramp3WFFnUjVBbDVvMHlKdE9XOVlLK0Q1T1VVa0ppM0NjMUpqa1o2ekdyeXV3UXdxdkZ3SVV1UVArZTdCenZSenBCV2ZUdTYzRTNKY0ozcXpzM3Q0U1V3TlM5anpWT3FFaWFxYzRJMVRVeFVmTWY3Mnk4Vjh2VndJT2ZBTnVrTDNmbGszdm1Yck9zUXU3RktENXNzWC8wYUdVekVTRnJQVWp4M2JadHNoT1B6dEtmUGVYNXJsV2hLdzBXUE1Ib2JOTzdQSDN3cXYvMUtJWTF1VjlUbGNkR3dNY3dKUjd4dkRVTE5XWURXNjh4cWNNVFc2cWlxOHY1SXdoam9NMGJlQjFEcWlYSStTaHZYUTlTU2YwOUMrdE1uYU1tcUpOcFUrdk9WeEdQVzNjYVUxYTUzTHNWSkU4a1E3ajNDaXFzVGRXaDE1NmRibGI4Wk1uTEVYSVNRTHM1bjMzT0IrMkxSd0RrK0RSWUh3ZGRGMWMvb3BlRHRtblBvTk9mZXdodWZXZlVqMk56VXMwVVF0Z1p3SW41dFYxWmJDQ3JNYjRab1pjb2l2UWxGQjVRRGkrZ3p4ZEF4SzYreXJuMVRreFg5WnU0R1VvL0g1N2E3TUM4QVdxUkdacjBG&redirect=https%3A%2F%2Fwww.hepsiburada.com%2Funiu-erkek-siyah-100-organik-pamuk-yandan-cepli-beli-lastikli-sort-p-HBCV00006VLAC5%3Fmagaza%3DUNIU&eventName=sp-click&platform=desktop&anonymousId=04119532-9dbd-436c-a5e5-482030ceeb95,Erkek Şort,Hepsiburada
U.S. Polo Assn. Erkek Antrasit Şort (Örme) 50289287-VR006,479.96,https://www.hepsiburada.com/u-s-polo-assn-erkek-antrasit-sort-orme-50289287-vr006-p-HBCV00006M9M2G,Erkek Şort,Hepsiburada
Baggy Denim Bermuda Şort,1499.0,https://www.hepsiburada.comhttps://adservice.hepsiburada.com/event/api/v1/track?event=MktObWxBckk1eUEwcmxJSUlsK1pCU0Q4MWhIcFFCYlJwT0V1dStaVnNZTkg5OUprME1ORzdOVDQ4SzZzVVFqOTE0dnNXazRoT2R1Wi9Db2NCSTVtT3J3UnZZMVJ5bmJZd1NBMGFvQ2YvVS9MUlIwOEVpcXZYcDROZEZJV0RBMjQ3eXZhRWdoRktkTkpuSFRxQzdWc1JUcXlSWVRrcS9LbkVnS0JmL29GL0dMclA2aXFIMGwrZlg0SjVxOU1WVElDM2hCcjJCNnFXSjBGNWg0OG1KR1NvVWdRZ1g0RnlPaFRiUTN0azc0aGowQ2h0K28rUUowN05qWGZaL2xGMWlWMFl5b3pkTy9BRDZTeUFVVHdPcTloSkFNZVkwMmJON1NwQmdKYTV6b3plYnA5TFVYckVCNEVubFBHeVVxNFcyWmZLSWJvVmRtbGhGdFRDWGFpdU9WVzZqZ1pwc2dkdEw1elI1STA2ZmpzbFhIOW1FS0gyRjk3MXQ2VWZpYVhxTkNFamkzU0tWZ0FoWmpLMHgzMmpFeDJ2YmFLUmV3UGRwYTViWnIzc0RIcDZhWWFWcmJKYldLWmFzNXk2K3JTekF3d0EvVEJKNVBpejNWcElMYjd6NHpJd1BQOG16Z0VRWVJOY0kyclYxN1JMcGsyZkZEcnNZR1BtQmF0ODhmeThmbVNZdjM1d3FvbmpwbWhCQ1J5Y3E1cUwzUFY4cmZSV3BDOWt6d1ozSTR6am5tSUNtSHYwMWVTR2pzb0FQNHJZUQ==&redirect=https%3A%2F%2Fwww.hepsiburada.com%2Fbaggy-denim-bermuda-sort-p-HBCV00008TVOG6%3Fmagaza%3D369+etnik+butik&eventName=sp-click&platform=desktop&anonymousId=04119532-9dbd-436c-a5e5-482030ceeb95,Erkek Şort,Hepsiburada
LIONEL Erkek Kargo Cepli Beli Lastikli Comfort Fit Koyu Gri Şort,379.99,https://www.hepsiburada.com/lionel-erkek-kargo-cepli-beli-lastikli-comfort-fit-koyu-gri-sort-p-HBCV00006WWNIO,Erkek Şort,Hepsiburada
DeFactoFit Shaquille O'Neal Standart Fit Kısa Paça Şort C6998AX24HS,319.99,https://www.hepsiburada.com/defactofit-shaquille-o-neal-standart-fit-kisa-paca-sort-c6998ax24hs-p-HBCV00006IQZU6,Erkek Şort,Hepsiburada
DeFacto Slim Fit Dar Kesim Jean Bermuda Şort C2692AX24SM,479.99,https://www.hepsiburada.com/defacto-slim-fit-dar-kesim-jean-bermuda-sort-c2692ax24sm-p-HBCV00006K4GYJ,Erkek Şort,Hepsiburada
DeFactoFit NBA Chicago Bulls Standart Fit Cepli Bermuda Şort A3822AX24SM,489.99,https://www.hepsiburada.com/defactofit-nba-chicago-bulls-standart-fit-cepli-bermuda-sort-a3822ax24sm-p-HBCV00006F5UJQ,Erkek Şort,Hepsiburada
Tommy Life Tommy Life  Siyah Kamuflaj Erkek Kamuflaj Desenli Standart Kalıp Şort-81157_1,314.91,https://www.hepsiburada.com/tommy-life-siyah-kamuflaj-erkek-kamuflaj-desenli-standart-kalip-sort-81157-1-pm-HB00000UDCUR,Erkek Şort,Hepsiburada
Mmetalic Erkek Yanları Cepli Gri Bermuda Diz Altı Kapri Beli Ayarlanabilir Lastikli Uzun Şort,377.99,https://www.hepsiburada.com/mmetalic-erkek-yanlari-cepli-gri-bermuda-diz-alti-kapri-beli-ayarlanabilir-lastikli-uzun-sort-p-HBCV0000657AU4,Erkek Şort,Hepsiburada
Tommy Life Gri Melanj Pamuklu Yumuşak Dokulu Standart Fit Nakışlı Erkek Kapri - 83102,494.91,https://www.hepsiburada.com/tommy-life-gri-melanj-pamuklu-yumusak-dokulu-standart-fit-nakisli-erkek-kapri-83102-p-HBCV0000636XOA,Erkek Şort,Hepsiburada
DeFactoFit Standart Fit Sporcu Kısa Paça Ağır Kumaş Şort C2422AX24SM,239.99,https://www.hepsiburada.com/defactofit-standart-fit-sporcu-kisa-paca-agir-kumas-sort-c2422ax24sm-p-HBCV00006HCNOM,Erkek Şort,Hepsiburada
Mmetalic Erkek Yanları Cepli Siyah Bermuda Diz Altı Kapri Beli Ayarlanabilir Lastikli Uzun Şort,377.99,https://www.hepsiburada.com/mmetalic-erkek-yanlari-cepli-siyah-bermuda-diz-alti-kapri-beli-ayarlanabilir-lastikli-uzun-sort-p-HBCV0000657AU1,Erkek Şort,Hepsiburada
DeFacto Skinny Fit Jean Bermuda Şort A5037AX24SM,374.99,https://www.hepsiburada.com/defacto-skinny-fit-jean-bermuda-sort-a5037ax24sm-p-HBCV00006KSKX3,Erkek Şort,Hepsiburada
Tommy Life Lacivert Pamuklu Yumuşak Dokulu Standart Fit Nakışlı Erkek Kapri - 83102,494.91,https://www.hepsiburada.com/tommy-life-lacivert-pamuklu-yumusak-dokulu-standart-fit-nakisli-erkek-kapri-83102-p-HBCV0000636XOB,Erkek Şort,Hepsiburada
